region,subregion,key,value
Asia,Southern Asia,Afghanistan,38041756
Europe,Northern Europe,Åland Islands,28502
Europe,Southern Europe,Albania,2880913
Africa,Northern Africa,Algeria,43053056
Oceania,Polynesia,American Samoa,55312
Europe,Southern Europe,Andorra,76246
Africa,Middle Africa,Angola,31825298
Americas,Caribbean,Anguilla,13452
,,Antarctica,-1
Americas,Caribbean,Antigua and Barbuda,97115
Americas,South America,Argentina,44780676
Asia,Western Asia,Armenia,2957728
Americas,Caribbean,Aruba,106310
Oceania,Australia and New Zealand,Australia,25203200
Europe,Western Europe,Austria,8955108
Asia,Western Asia,Azerbaijan,10047719
Americas,Caribbean,Bahamas,389486
Asia,Western Asia,Bahrain,1641164
Asia,Southern Asia,Bangladesh,163046176
Americas,Caribbean,Barbados,287021
Europe,Eastern Europe,Belarus,9452409
Europe,Western Europe,Belgium,11539326
Americas,Central America,Belize,390351
Africa,Western Africa,Benin,11801151
Americas,Northern America,Bermuda,62508
Asia,Southern Asia,Bhutan,763094
Americas,South America,Bolivia,11513102
Americas,Caribbean,Bonaire,-1
Europe,Southern Europe,Bosnia and Herzegovina,3300998
Africa,Southern Africa,Botswana,2303703
,,Bouvet Island,-1
Americas,South America,Brazil,211049520
Africa,Eastern Africa,British Indian Ocean Territory,-1
Americas,Caribbean,British Virgin Islands,30033
Asia,South-Eastern Asia,Brunei,433296
Europe,Eastern Europe,Bulgaria,7000117
Africa,Western Africa,Burkina Faso,20321382
Africa,Eastern Africa,Burundi,11530577
Asia,South-Eastern Asia,Cambodia,16486543
Africa,Middle Africa,Cameroon,25876386
Americas,Northern America,Canada,37411040
Africa,Western Africa,Cape Verde,549936
Americas,Caribbean,Cayman Islands,64948
Africa,Middle Africa,Central African Republic,4745179
Africa,Middle Africa,Chad,15946882
Americas,South America,Chile,18952036
Asia,Eastern Asia,China,1433783808
Oceania,Australia and New Zealand,Christmas Island,2072
Oceania,Australia and New Zealand,Cocos (Keeling) Islands,550
Americas,South America,Colombia,50339440
Africa,Eastern Africa,Comoros,850891
Africa,Middle Africa,Republic of the Congo,5380504
Africa,Middle Africa,Democratic Republic of the Congo,86790568
Oceania,Polynesia,Cook Islands,17547
Americas,Central America,Costa Rica,5047561
Africa,Western Africa,Côte d'Ivoire,25716554
Europe,Southern Europe,Croatia,4130298
Americas,Caribbean,Cuba,11333484
Americas,Caribbean,Curaçao,150563
Asia,Western Asia,Cyprus,865878
Europe,Eastern Europe,Czech Republic,10689213
Europe,Northern Europe,Denmark,5771877
Africa,Eastern Africa,Djibouti,973557
Americas,Caribbean,Dominica,71808
Americas,Caribbean,Dominican Republic,10738957
Americas,South America,Ecuador,17373656
Africa,Northern Africa,Egypt,100388080
Americas,Central America,El Salvador,6453550
Africa,Middle Africa,Equatorial Guinea,1355982
Africa,Eastern Africa,Eritrea,3497117
Europe,Northern Europe,Estonia,1325649
Africa,Eastern Africa,Ethiopia,112078728
Americas,South America,Falkland Islands,3372
Europe,Northern Europe,Faroe Islands,48677
Oceania,Melanesia,Fiji,889955
Europe,Northern Europe,Finland,5532159
Europe,Western Europe,France,65129732
Americas,South America,French Guiana,290823
Oceania,Polynesia,French Polynesia,279285
,,French Southern and Antarctic Lands,-1
Africa,Middle Africa,Gabon,2172578
Africa,Western Africa,Gambia,2347696
Asia,Western Asia,Georgia,3996762
Europe,Western Europe,Germany,83517048
Africa,Western Africa,Ghana,30417858
Europe,Southern Europe,Gibraltar,29752
Europe,Southern Europe,Greece,10473452
Americas,Northern America,Greenland,56660
Americas,Caribbean,Grenada,112002
Americas,Caribbean,Guadeloupe,400048
Oceania,Micronesia,Guam,167295
Americas,Central America,Guatemala,17581476
Europe,Northern Europe,Guernsey,62431
Africa,Western Africa,Guinea,12771246
Africa,Western Africa,Guinea-Bissau,1920917
Americas,South America,Guyana,782775
Americas,Caribbean,Haiti,11263079
,,Heard Island and McDonald Islands,-1
Europe,Southern Europe,Vatican City,800
Americas,Central America,Honduras,9746115
Asia,Eastern Asia,Hong Kong,7436157
Europe,Eastern Europe,Hungary,9684680
Europe,Northern Europe,Iceland,339037
Asia,Southern Asia,India,1366417792
Asia,South-Eastern Asia,Indonesia,270625568
Asia,Southern Asia,Iran,82913888
Asia,Western Asia,Iraq,39309788
Europe,Northern Europe,Ireland,4882498
Europe,Northern Europe,Isle of Man,84497
Asia,Western Asia,Israel,8519373
Europe,Southern Europe,Italy,60550092
Americas,Caribbean,Jamaica,2948277
Asia,Eastern Asia,Japan,126860296
Europe,Northern Europe,Jersey,97857
Asia,Western Asia,Jordan,10101697
Asia,Central Asia,Kazakhstan,18551428
Africa,Eastern Africa,Kenya,52573968
Oceania,Micronesia,Kiribati,117608
Asia,Western Asia,Kuwait,4207077
Asia,Central Asia,Kyrgyzstan,6415851
Asia,South-Eastern Asia,Laos,7169456
Europe,Northern Europe,Latvia,1906740
Asia,Western Asia,Lebanon,6855709
Africa,Southern Africa,Lesotho,2125267
Africa,Western Africa,Liberia,4937374
Africa,Northern Africa,Libya,6777453
Europe,Western Europe,Liechtenstein,36842
Europe,Northern Europe,Lithuania,2759631
Europe,Western Europe,Luxembourg,615730
Asia,Eastern Asia,Macau,640446
Europe,Southern Europe,Macedonia,2083458
Africa,Eastern Africa,Madagascar,26969306
Africa,Eastern Africa,Malawi,18628748
Asia,South-Eastern Asia,Malaysia,31949790
Asia,Southern Asia,Maldives,530957
Africa,Western Africa,Mali,19658024
Europe,Southern Europe,Malta,440377
Oceania,Micronesia,Marshall Islands,56086
Americas,Caribbean,Martinique,375557
Africa,Western Africa,Mauritania,4525698
Africa,Eastern Africa,Mauritius,1269670
Africa,Eastern Africa,Mayotte,212600
Americas,Central America,Mexico,127575528
Oceania,Micronesia,Micronesia,113811
Europe,Eastern Europe,Moldova,4043258
Europe,Western Europe,Monaco,36136
Asia,Eastern Asia,Mongolia,3225166
Europe,Southern Europe,Montenegro,627988
Americas,Caribbean,Montserrat,4991
Africa,Northern Africa,Morocco,36471764
Africa,Eastern Africa,Mozambique,30366042
Asia,South-Eastern Asia,Myanmar,54045420
Africa,Southern Africa,Namibia,2494524
Oceania,Micronesia,Nauru,10764
Asia,Southern Asia,Nepal,28608714
Europe,Western Europe,Netherlands,17097124
Oceania,Melanesia,New Caledonia,282757
Oceania,Australia and New Zealand,New Zealand,4783062
Americas,Central America,Nicaragua,6545503
Africa,Western Africa,Niger,23310718
Africa,Western Africa,Nigeria,200963616
Oceania,Polynesia,Niue,1614
Oceania,Australia and New Zealand,Norfolk Island,2302
Asia,Eastern Asia,North Korea,25666158
Oceania,Micronesia,Northern Mariana Islands,57213
Europe,Northern Europe,Norway,5378859
Asia,Western Asia,Oman,4974992
Asia,Southern Asia,Pakistan,216565312
Oceania,Micronesia,Palau,20901
Asia,Western Asia,Palestine,4981422
Americas,Central America,Panama,4246440
Oceania,Melanesia,Papua New Guinea,8776119
Americas,South America,Paraguay,7044639
Americas,South America,Peru,32510462
Asia,South-Eastern Asia,Philippines,108116624
Oceania,Polynesia,Pitcairn Islands,56
Europe,Eastern Europe,Poland,37887768
Europe,Southern Europe,Portugal,10226178
Americas,Caribbean,Puerto Rico,2933404
Asia,Western Asia,Qatar,2832071
Europe,Eastern Europe,Republic of Kosovo,1733842
Africa,Eastern Africa,Réunion,888932
Europe,Eastern Europe,Romania,19364558
Europe,Eastern Europe,Russia,145872272
Africa,Eastern Africa,Rwanda,12626938
Americas,Caribbean,Saint Barthélemy,8938
Africa,Western Africa,Saint Helena,6061
Americas,Caribbean,Saint Kitts and Nevis,52834
Americas,Caribbean,Saint Lucia,182795
Americas,Caribbean,Saint Martin,-1
Americas,Northern America,Saint Pierre and Miquelon,5821
Americas,Caribbean,Saint Vincent and the Grenadines,110593
Oceania,Polynesia,Samoa,197093
Europe,Southern Europe,San Marino,32509
Africa,Middle Africa,São Tomé and Príncipe,215048
Asia,Western Asia,Saudi Arabia,34268528
Africa,Western Africa,Senegal,16296362
Europe,Southern Europe,Serbia,8772228
Africa,Eastern Africa,Seychelles,97741
Africa,Western Africa,Sierra Leone,7813207
Asia,South-Eastern Asia,Singapore,5804343
Americas,Caribbean,Sint Maarten,37429
Europe,Eastern Europe,Slovakia,5457012
Europe,Southern Europe,Slovenia,2078654
Oceania,Melanesia,Solomon Islands,669821
Africa,Eastern Africa,Somalia,15442906
Africa,Southern Africa,South Africa,58558264
Americas,South America,South Georgia,-1
Asia,Eastern Asia,South Korea,51225320
Africa,Middle Africa,South Sudan,11062114
Europe,Southern Europe,Spain,46736780
Asia,Southern Asia,Sri Lanka,21323734
Africa,Northern Africa,Sudan,42813240
Americas,South America,Suriname,581363
Europe,Northern Europe,Svalbard and Jan Mayen,2655
Africa,Southern Africa,Swaziland,1250000
Europe,Northern Europe,Sweden,10036391
Europe,Western Europe,Switzerland,8591361
Asia,Western Asia,Syria,17070132
Asia,Eastern Asia,Taiwan,23773880
Asia,Central Asia,Tajikistan,9321023
Africa,Eastern Africa,Tanzania,58005460
Asia,South-Eastern Asia,Thailand,69625576
Asia,South-Eastern Asia,Timor-Leste,1293120
Africa,Western Africa,Togo,8082359
Oceania,Polynesia,Tokelau,1411
Oceania,Polynesia,Tonga,104497
Americas,Caribbean,Trinidad and Tobago,1394969
Africa,Northern Africa,Tunisia,11694721
Asia,Western Asia,Turkey,83429608
Asia,Central Asia,Turkmenistan,5942094
Americas,Caribbean,Turks and Caicos Islands,38194
Oceania,Polynesia,Tuvalu,11655
Africa,Eastern Africa,Uganda,44269584
Europe,Eastern Europe,Ukraine,43993644
Asia,Western Asia,United Arab Emirates,9770526
Europe,Northern Europe,United Kingdom,67530168
Americas,Northern America,United States,329064896
Americas,Northern America,United States Minor Outlying Islands,-1
Americas,Caribbean,United States Virgin Islands,104579
Americas,South America,Uruguay,3461731
Asia,Central Asia,Uzbekistan,32981714
Oceania,Melanesia,Vanuatu,299882
Americas,South America,Venezuela,28515828
Asia,South-Eastern Asia,Vietnam,96462112
Oceania,Polynesia,Wallis and Futuna,13135
Africa,Northern Africa,Western Sahara,582458
Asia,Western Asia,Yemen,29161922
Africa,Eastern Africa,Zambia,17861034
Africa,Eastern Africa,Zimbabwe,14645473
